"user_id","total_listens"
2571,"5"
247,"3"
2585,"4"
2880,"4"
4165,"2"
3202,"1"
5601,"2"
6699,"1"
1320,"1"
3781,"1"
4834,"1"
641,"2"
2658,"3"
4583,"2"
2179,"6"
4276,"2"
2255,"1"
1124,"1"
2290,"4"
6544,"2"
3445,"2"
1084,"1"
9704,"2"
6743,"1"
1212,"1"
893,"1"
3154,"1"
8957,"1"
2731,"3"
10380,"1"
5027,"1"
6631,"1"
2393,"1"
2629,"1"
4901,"1"
718,"4"
9292,"1"
9789,"1"
2573,"1"
838,"1"
3087,"1"
1473,"1"
1490,"2"
435,"3"
5450,"3"
5123,"1"
1078,"1"
4461,"3"
3339,"2"
2788,"1"
4567,"3"
3882,"1"
5925,"2"
5752,"2"
6781,"2"
8915,"2"
4520,"1"
124,"1"
2898,"1"
5337,"1"
3555,"1"
7932,"1"
10050,"2"
5220,"1"
165,"2"
8264,"1"
3870,"2"
3807,"1"
768,"2"
2473,"1"
3019,"3"
10189,"1"
2280,"1"
2088,"1"
3365,"1"
2597,"1"
3717,"3"
2684,"3"
5420,"1"
1314,"1"
5755,"2"
1847,"3"
7687,"3"
4799,"1"
6384,"2"
4269,"3"
2894,"1"
4016,"2"
9110,"1"
2982,"1"
10133,"3"
8276,"3"
2354,"2"
2676,"1"
10776,"1"
5985,"1"
8442,"1"
10106,"1"
1332,"2"
4516,"1"
5401,"2"
3359,"2"
2258,"1"
5753,"1"
2512,"1"
1781,"1"
6057,"1"
4865,"4"
8008,"2"
1443,"2"
5588,"2"
4779,"2"
5519,"1"
3860,"1"
3741,"4"
6174,"3"
886,"1"
3907,"1"
6933,"2"
8653,"3"
10324,"3"
3249,"1"
7179,"2"
4852,"3"
2826,"2"
2434,"1"
8413,"1"
6111,"3"
4501,"1"
1842,"3"
5993,"2"
3170,"1"
10527,"3"
1464,"1"
2970,"1"
5795,"1"
8635,"1"
10656,"2"
7601,"2"
4405,"1"
157,"3"
1857,"1"
1505,"2"
7461,"1"
5920,"2"
26,"1"
8084,"1"
5558,"2"
7109,"2"
1546,"1"
8087,"2"
5114,"1"
477,"1"
3523,"1"
4353,"1"
3635,"1"
2419,"1"
7574,"2"
2625,"1"
5051,"2"
2337,"1"
1726,"1"
1802,"1"
9987,"1"
4104,"1"
4826,"3"
4222,"1"
5360,"1"
4002,"2"
140,"4"
8445,"1"
3968,"2"
1354,"1"
512,"2"
2269,"4"
9506,"2"
380,"1"
2715,"2"
3337,"2"
5857,"1"
731,"1"
195,"2"
1199,"1"
1724,"2"
8517,"2"
1422,"1"
9189,"2"
4285,"1"
1214,"1"
4680,"1"
5691,"1"
5806,"4"
3982,"1"
2862,"2"
2856,"3"
4345,"1"
4776,"1"
2812,"2"
4825,"1"
4843,"2"
10156,"2"
1454,"2"
2429,"1"
889,"1"
2086,"1"
10192,"2"
10744,"1"
781,"1"
371,"1"
2652,"2"
2595,"1"
1215,"1"
2561,"1"
1551,"1"
985,"1"
690,"1"
6546,"1"
5242,"2"
4804,"2"
2303,"2"
4741,"1"
9912,"1"
1700,"3"
1624,"3"
2980,"7"
663,"1"
5585,"1"
10038,"2"
4949,"4"
860,"1"
3178,"1"
3606,"1"
9997,"2"
369,"1"
6562,"2"
5186,"3"
421,"1"
1096,"1"
6848,"2"
102,"3"
8954,"1"
92,"1"
6161,"1"
10523,"1"
2146,"2"
2589,"1"
5858,"1"
7854,"1"
6439,"1"
9350,"1"
4185,"1"
1276,"2"
8004,"1"
6364,"1"
4758,"1"
8432,"1"
2426,"2"
6079,"2"
4774,"2"
785,"2"
2666,"1"
4293,"1"
3940,"1"
5939,"2"
5652,"2"
10231,"1"
200,"2"
5469,"1"
6570,"2"
3082,"1"
164,"2"
6339,"2"
3107,"3"
3301,"1"
6056,"1"
1586,"1"
3195,"3"
4545,"1"
3421,"2"
5061,"1"
7354,"4"
9355,"3"
3725,"1"
5451,"4"
6501,"3"
447,"3"
499,"1"
8341,"2"
2505,"1"
5477,"3"
2995,"1"
7008,"1"
5583,"1"
2083,"1"
4128,"1"
532,"1"
4523,"1"
915,"2"
2693,"1"
4813,"2"
981,"1"
5438,"1"
7161,"1"
7974,"1"
6768,"2"
4676,"1"
5770,"1"
2739,"3"
3469,"1"
3163,"1"
2206,"2"
2789,"2"
10561,"2"
8753,"1"
4866,"1"
5769,"1"
7997,"1"
4162,"2"
4479,"3"
3578,"1"
1547,"3"
7568,"2"
8639,"2"
10664,"1"
5284,"3"
3261,"1"
5479,"3"
9105,"1"
3824,"2"
5730,"2"
3945,"1"
5251,"2"
2198,"2"
7700,"1"
3759,"3"
3598,"1"
3435,"6"
1916,"3"
170,"1"
2229,"1"
2366,"4"
9472,"1"
366,"1"
8043,"2"
8044,"1"
3788,"1"
921,"1"
6178,"3"
747,"2"
418,"1"
6090,"2"
1564,"1"
6608,"2"
9363,"1"
10682,"2"
5236,"1"
4351,"3"
1158,"1"
9443,"2"
2148,"2"
6727,"1"
56,"1"
2091,"2"
9206,"1"
3604,"2"
8479,"1"
7771,"2"
4381,"2"
1538,"1"
5684,"1"
2694,"1"
4857,"2"
1704,"1"
1249,"2"
3620,"1"
708,"2"
3132,"2"
4098,"1"
2553,"1"
750,"1"
9134,"1"
1324,"1"
800,"1"
2530,"1"
9945,"1"
10457,"1"
1866,"1"
10063,"3"
4943,"1"
58,"2"
1259,"1"
3817,"2"
4257,"1"
9468,"1"
4542,"3"
2963,"1"
7980,"1"
5695,"3"
1959,"1"
1090,"1"
3440,"3"
6171,"1"
244,"2"
5703,"1"
2883,"5"
6061,"1"
7847,"1"
260,"3"
3009,"1"
3597,"1"
1436,"1"
1914,"2"
2357,"2"
2425,"2"
3548,"1"
4608,"1"
5800,"2"
6098,"2"
360,"1"
5052,"1"
8252,"1"
5090,"1"
1481,"1"
3840,"2"
6900,"2"
3985,"1"
3266,"1"
903,"1"
6605,"1"
616,"2"
7634,"2"
1303,"1"
4109,"1"
4678,"2"
5202,"1"
4568,"1"
3618,"2"
10433,"2"
6943,"2"
8757,"1"
2401,"3"
1650,"1"
1782,"1"
1924,"1"
1359,"2"
4409,"1"
10594,"1"
7273,"1"
6597,"1"
4396,"2"
6363,"1"
10640,"1"
3872,"2"
1055,"1"
6659,"2"
2076,"2"
1732,"1"
1717,"1"
1366,"3"
5554,"1"
10568,"1"
4017,"4"
3431,"2"
925,"2"
8126,"1"
7034,"1"
5259,"2"
3999,"1"
1612,"3"
498,"1"
859,"2"
2364,"1"
1327,"2"
3794,"1"
2451,"2"
10335,"2"
4504,"1"
1119,"1"
5193,"1"
3004,"1"
9426,"1"
4259,"1"
4266,"2"
1442,"1"
4912,"1"
2572,"3"
8234,"1"
2964,"2"
10269,"1"
1791,"1"
4149,"2"
6269,"2"
6636,"1"
5014,"1"
2257,"1"
2234,"1"
3516,"1"
5586,"1"
1489,"1"
704,"2"
2513,"1"
632,"2"
3709,"1"
1338,"1"
6972,"1"
7420,"4"
4037,"1"
5018,"1"
486,"5"
5476,"2"
3736,"2"
4522,"1"
432,"3"
549,"1"
7322,"1"
5512,"1"
6782,"3"
10100,"2"
1627,"1"
5812,"1"
4260,"1"
6775,"3"
2703,"2"
8116,"1"
3524,"1"
1071,"1"
6331,"1"
6800,"1"
2606,"2"
2491,"4"
534,"2"
3309,"2"
6140,"1"
6555,"1"
5745,"4"
3540,"3"
1965,"1"
236,"1"
1264,"1"
2946,"4"
259,"2"
8454,"1"
2538,"2"
1747,"1"
4892,"3"
3841,"1"
2007,"1"
3159,"5"
3873,"1"
1854,"1"
8929,"1"
4985,"1"
5399,"2"
7621,"5"
5118,"1"
4057,"1"
450,"3"
2296,"1"
1166,"2"
10579,"1"
310,"1"
1144,"1"
289,"1"
996,"1"
1954,"1"
10010,"3"
6907,"1"
8286,"4"
2471,"1"
8738,"3"
5381,"2"
617,"2"
2665,"1"
4525,"1"
8702,"1"
5245,"4"
6058,"1"
7293,"2"
3027,"1"
7004,"1"
9248,"1"
1127,"4"
87,"2"
2802,"1"
3701,"1"
4854,"1"
5127,"1"
3520,"2"
1516,"1"
4835,"1"
2006,"2"
262,"3"
1561,"1"
4526,"1"
4110,"1"
5835,"3"
354,"2"
75,"1"
6665,"1"
6876,"1"
4737,"1"
8457,"1"
6677,"1"
7407,"1"
9852,"1"
5049,"1"
4490,"1"
4438,"1"
182,"1"
7287,"2"
6515,"1"
6820,"2"
6249,"3"
3333,"1"
6025,"1"
2775,"1"
6077,"1"
6042,"1"
2628,"2"
2297,"3"
4679,"1"
6280,"3"
9611,"1"
6529,"2"
5250,"1"
951,"1"
3769,"1"
6211,"1"
4764,"1"
1625,"2"
2436,"2"
7463,"1"
7800,"1"
4667,"1"
839,"2"
1485,"1"
4831,"1"
4938,"1"
1862,"1"
4488,"1"
3097,"2"
5944,"1"
3893,"2"
7816,"1"
3675,"1"
6236,"3"
281,"1"
1025,"2"
1261,"2"
2954,"2"
6599,"1"
7194,"1"
778,"3"
6977,"3"
837,"1"
827,"1"
9713,"1"
4747,"1"
4711,"1"
8308,"1"
2905,"2"
6728,"2"
6116,"2"
6648,"2"
89,"1"
4644,"3"
2079,"3"
155,"2"
6191,"5"
10816,"1"
1574,"2"
3848,"4"
3887,"1"
2433,"1"
10758,"2"
4203,"1"
3369,"1"
5618,"1"
5239,"1"
2003,"1"
4902,"1"
3508,"1"
3585,"2"
4309,"2"
659,"1"
1008,"1"
2562,"2"
7201,"1"
3924,"2"
6026,"1"
4910,"2"
9652,"1"
2633,"3"
7887,"2"
1472,"1"
6063,"3"
5636,"2"
6452,"1"
5310,"2"
3447,"1"
1334,"1"
6971,"2"
4299,"2"
6716,"1"
5592,"1"
952,"3"
4674,"2"
470,"2"
590,"2"
4420,"3"
4295,"1"
629,"1"
765,"1"
6400,"1"
338,"2"
4531,"1"
3053,"1"
4027,"1"
1572,"1"
467,"2"
2533,"3"
2211,"1"
7251,"1"
6838,"2"
3911,"2"
1928,"1"
1901,"3"
8610,"1"
3305,"1"
918,"1"
7888,"2"
7047,"2"
1107,"2"
3120,"1"
4749,"1"
7000,"1"
2952,"1"
3659,"1"
3669,"3"
2939,"3"
6892,"1"
6836,"2"
5720,"3"
3737,"2"
5326,"3"
4770,"2"
6763,"1"
4059,"1"
5066,"1"
7348,"2"
1911,"2"
481,"1"
2778,"3"
1456,"1"
3420,"1"
8469,"1"
3546,"1"
3777,"2"
3899,"1"
4540,"2"
614,"1"
7215,"1"
5904,"1"
6841,"1"
488,"1"
2821,"1"
5513,"2"
3048,"2"
62,"2"
5270,"2"
9909,"1"
6661,"1"
6072,"3"
2949,"1"
9666,"5"
5423,"2"
3735,"1"
1695,"1"
5635,"1"
2090,"4"
7156,"1"
7135,"1"
8474,"1"
8972,"1"
7112,"1"
5545,"1"
4060,"1"
2370,"2"
4754,"1"
321,"3"
4477,"1"
4484,"2"
475,"2"
445,"1"
2150,"1"
6087,"1"
6646,"2"
5598,"1"
861,"1"
2659,"1"
992,"1"
6405,"2"
4565,"1"
3543,"1"
6212,"2"
3215,"1"
6475,"1"
748,"1"
3622,"1"
38,"1"
5628,"3"
3862,"3"
3886,"2"
3076,"1"
8120,"1"
5639,"1"
6023,"1"
8744,"2"
2136,"3"
192,"1"
8204,"1"
2516,"5"
9642,"4"
5698,"1"
4231,"1"
1392,"2"
8025,"1"
738,"1"
8268,"2"
1237,"1"
6434,"2"
10006,"1"
3889,"3"
7449,"3"
4346,"1"
2330,"1"
2441,"1"
1014,"1"
5138,"1"
5787,"3"
3814,"1"
1707,"1"
2203,"1"
1147,"1"
926,"2"
5414,"4"
412,"2"
10845,"2"
4338,"2"
1780,"3"
5646,"4"
5499,"1"
6527,"3"
7831,"1"
4343,"1"
304,"1"
4947,"1"
9968,"1"
7388,"2"
3496,"3"
4651,"2"
1399,"1"
7902,"1"
1245,"2"
2919,"2"
4532,"1"
672,"1"
1374,"1"
330,"1"
3832,"1"
1258,"3"
6751,"1"
2196,"2"
6142,"2"
6573,"1"
7799,"2"
6470,"3"
4515,"2"
1739,"2"
3698,"1"
521,"1"
10827,"1"
6044,"1"
4218,"1"
8285,"2"
7098,"3"
6673,"1"
2608,"2"
4885,"1"
6070,"3"
1148,"1"
4001,"3"
6511,"1"
1195,"4"
3242,"2"
4350,"1"
5467,"1"
4018,"2"
4246,"3"
4587,"3"
5991,"3"
685,"1"
8355,"1"
9659,"2"
1541,"1"
6393,"1"
2496,"2"
1672,"1"
6542,"1"
929,"2"
4982,"3"
375,"1"
4927,"2"
1079,"3"
8312,"1"
4734,"2"
1969,"3"
3954,"4"
6419,"1"
4529,"2"
7983,"1"
4146,"1"
2340,"2"
1657,"2"
7583,"3"
9613,"1"
2439,"1"
10042,"1"
3891,"2"
7068,"1"
1125,"1"
5629,"2"
3731,"1"
6530,"1"
254,"1"
6095,"2"
6431,"1"
2145,"1"
959,"1"
5507,"2"
9618,"1"
3094,"2"
2936,"2"
1423,"3"
4551,"1"
119,"2"
2350,"1"
4136,"2"
1213,"1"
2230,"1"
987,"1"
6388,"1"
8570,"1"
4498,"2"
964,"1"
3692,"2"
6414,"1"
6108,"1"
5854,"1"
248,"1"
6670,"2"
3549,"3"
10663,"2"
7707,"1"
6268,"2"
2017,"2"
2236,"1"
6934,"2"
4736,"2"
3518,"5"
5191,"3"
1281,"1"
9946,"1"
1958,"1"
4321,"1"
4173,"2"
1514,"1"
3710,"4"
1260,"1"
46,"1"
3640,"1"
5687,"1"
9717,"1"
2838,"2"
4183,"2"
4137,"3"
10272,"1"
9973,"1"
4208,"2"
2299,"1"
1511,"2"
6512,"1"
5541,"2"
9771,"1"
1271,"1"
6676,"1"
9390,"2"
6869,"2"
55,"1"
1523,"2"
1029,"1"
5168,"3"
3721,"3"
1841,"2"
81,"5"
509,"1"
5348,"1"
514,"2"
10590,"2"
8007,"3"
5969,"1"
3827,"1"
6120,"2"
5702,"1"
4412,"1"
5378,"1"
1639,"2"
2743,"1"
10688,"1"
607,"1"
6632,"2"
3943,"1"
10066,"1"
6147,"1"
6134,"1"
1187,"4"
9895,"1"
7130,"2"
793,"3"
10786,"1"
2710,"2"
1091,"2"
2957,"1"
10293,"2"
6428,"1"
2614,"1"
1937,"1"
6430,"2"
10057,"3"
2371,"2"
4433,"1"
4131,"1"
3498,"1"
10665,"1"
4869,"2"
2737,"1"
7292,"1"
3534,"2"
1181,"1"
2072,"2"
10836,"1"
5154,"3"
2824,"4"
3217,"2"
1336,"1"
3260,"1"
1057,"1"
1308,"1"
4752,"1"
2232,"2"
138,"3"
6639,"3"
9563,"2"
4640,"1"
1441,"1"
5268,"3"
4011,"1"
2415,"1"
10386,"1"
7,"1"
3681,"2"
328,"1"
5150,"1"
2893,"1"
4039,"3"
10232,"1"
177,"2"
2959,"2"
1917,"3"
7850,"1"
1723,"2"
2158,"2"
6909,"3"
5901,"1"
4589,"1"
5980,"1"
5115,"1"
5398,"2"
2727,"1"
5147,"2"
6625,"3"
3145,"2"
5860,"1"
1266,"1"
6130,"4"
454,"1"
2369,"1"
1463,"1"
5490,"1"
4294,"3"
6101,"1"
2195,"1"
10060,"1"
516,"2"
980,"2"
679,"2"
2061,"3"
2843,"1"
7777,"1"
2804,"1"
8520,"1"
2705,"1"
2647,"1"
2137,"1"
2352,"2"
10851,"1"
8673,"1"
2799,"2"
2311,"1"
4352,"1"
7977,"1"
5723,"1"
3936,"1"
5823,"1"
3384,"1"
1889,"1"
7580,"2"
1902,"1"
166,"2"
153,"1"
2751,"2"
7310,"1"
1631,"3"
6870,"2"
6881,"4"
5362,"1"
4282,"1"
6754,"3"
4535,"1"
953,"1"
2723,"2"
4115,"1"
5692,"3"
6911,"2"
1865,"1"
10576,"3"
4780,"2"
5785,"1"
3812,"1"
5067,"1"
844,"1"
1878,"2"
513,"2"
10826,"2"
2961,"3"
9764,"3"
820,"1"
6668,"3"
4702,"1"
2142,"1"
8909,"1"
3854,"2"
8870,"1"
3368,"1"
6536,"1"
6806,"2"
5761,"1"
6872,"1"
2623,"1"
3829,"1"
2383,"1"
7830,"1"
5975,"1"
3844,"1"
494,"3"
10131,"1"
4486,"1"
3184,"3"
2467,"1"
2818,"1"
10483,"2"
2443,"1"
5094,"1"
5101,"1"
2539,"3"
8838,"1"
1964,"3"
5016,"1"
3015,"2"
9860,"1"
9320,"1"
7367,"1"
1046,"3"
7152,"1"
5570,"1"
9644,"4"
9965,"1"
2499,"1"
2305,"2"
3232,"4"
6794,"1"
4233,"2"
1591,"1"
6854,"2"
1482,"1"
531,"1"
1105,"1"
564,"5"
1234,"1"
3845,"3"
6557,"2"
3996,"1"
315,"3"
2010,"2"
519,"1"
6239,"3"
2359,"1"
285,"4"
1151,"1"
5003,"1"
190,"2"
5844,"2"
628,"1"
2358,"1"
5035,"1"
7988,"1"
962,"3"
6703,"5"
9459,"2"
4978,"2"
293,"1"
8769,"2"
8333,"1"
6802,"1"
3964,"4"
5649,"1"
518,"1"
3131,"1"
495,"3"
3373,"1"
1735,"1"
6309,"1"
8496,"1"
4917,"1"
8434,"2"
808,"2"
1542,"1"
6952,"2"
7038,"2"
5244,"4"
8947,"1"
1840,"2"
8801,"1"
1425,"3"
29,"1"
4928,"1"
6086,"1"
9405,"1"
949,"2"
2105,"1"
9184,"1"
9958,"2"
887,"3"
3462,"1"
7495,"1"
2864,"4"
9461,"1"
6534,"3"
4686,"2"
5130,"2"
8529,"1"
10289,"3"
4941,"2"
794,"1"
9123,"1"
4786,"1"
1752,"3"
1093,"3"
1810,"1"
6818,"1"
5295,"1"
798,"2"
3491,"1"
7110,"2"
755,"1"
409,"3"
4097,"2"
3836,"1"
5915,"1"
1235,"2"
6849,"2"
847,"2"
3976,"1"
3148,"2"
3795,"3"
4267,"1"
6791,"1"
4190,"6"
598,"1"
377,"1"
7662,"1"
320,"3"
3065,"1"
6314,"2"
1786,"3"
2000,"1"
9533,"1"
3334,"3"
3463,"1"
6124,"3"
8460,"3"
3253,"1"
5676,"1"
10114,"1"
7082,"1"
4154,"4"
5869,"1"
10020,"2"
4856,"2"
2798,"1"
7851,"2"
6440,"4"
4812,"1"
6856,"2"
1981,"2"
6736,"1"
2422,"2"
5763,"1"
6638,"1"
6312,"2"
725,"3"
5174,"1"
1371,"2"
2075,"2"
2557,"1"
1708,"3"
2346,"2"
2619,"3"
6558,"1"
1116,"1"
2408,"1"
3652,"1"
6804,"1"
6508,"1"
7524,"2"
5694,"1"
9477,"1"
4662,"1"
3399,"2"
6919,"1"
4010,"2"
1722,"1"
8045,"1"
4634,"1"
1216,"1"
4355,"2"
5342,"1"
5007,"1"
3904,"1"
6437,"1"
6641,"1"
3452,"1"
8,"1"
4489,"2"
356,"2"
3682,"2"
2768,"2"
7815,"1"
3133,"2"
340,"1"
6830,"2"
575,"2"
5952,"1"
1059,"1"
5919,"2"
6136,"2"
4502,"2"
9430,"1"
4280,"2"
7724,"4"
4795,"2"
8670,"1"
9190,"1"
3550,"1"
3185,"2"
5910,"1"
6164,"1"
1352,"2"
4270,"1"
6844,"2"
9155,"1"
5374,"3"
1961,"1"
4782,"1"
3856,"1"
2569,"1"
766,"1"
3678,"1"
8519,"2"
4106,"2"
10338,"2"
6332,"1"
1394,"1"
2522,"4"
193,"2"
6886,"3"
1565,"2"
1400,"1"
2110,"1"
2055,"1"
2708,"2"
6001,"2"
4483,"1"
5001,"1"
3472,"1"
6917,"2"
7636,"1"
7792,"1"
1556,"1"
6589,"1"
2938,"1"
2937,"1"
4695,"2"
7432,"1"
1741,"2"
5791,"2"
3390,"4"
5078,"3"
786,"1"
9439,"1"
10505,"1"
6262,"1"
6446,"2"
3049,"1"
3,"1"
2882,"2"
1403,"2"
2051,"2"
1106,"2"
4745,"2"
4393,"1"
3639,"1"
5895,"1"
1825,"1"
2126,"1"
8187,"2"
7819,"1"
1903,"2"
1859,"1"
3959,"1"
1378,"1"
2177,"1"
5182,"4"
10110,"1"
9962,"1"
4019,"1"
3168,"1"
4279,"4"
3008,"2"
6261,"1"
2170,"1"
1790,"2"
9496,"1"
833,"2"
4247,"2"
6684,"2"
4777,"1"
353,"1"
6065,"3"
7562,"1"
2144,"1"
4332,"2"
7658,"2"
6113,"1"
5163,"1"
2053,"2"
5551,"1"
8636,"1"
6985,"3"
4684,"4"
2858,"1"
7389,"1"
2011,"2"
9901,"1"
7314,"1"
6415,"1"
7544,"2"
8136,"1"
6957,"3"
7607,"2"
4195,"1"
3234,"1"
9872,"1"
3785,"2"
6935,"1"
4212,"1"
4923,"1"
4550,"2"
1702,"2"
1427,"2"
5312,"2"
9546,"1"
9160,"1"
10149,"1"
3400,"2"
4407,"1"
897,"1"
9231,"1"
975,"1"
1346,"2"
8894,"1"
10612,"1"
1280,"2"
6443,"2"
8572,"1"
6722,"2"
10808,"4"
2398,"3"
853,"2"
10337,"1"
6563,"1"
6209,"1"
8872,"1"
3271,"1"
3501,"2"
4767,"3"
2577,"1"
9360,"3"
9547,"2"
6619,"1"
1573,"1"
2968,"1"
6126,"2"
7546,"1"
6162,"3"
536,"2"
1363,"2"
9137,"1"
5226,"2"
4821,"1"
2604,"2"
1269,"4"
1183,"2"
10098,"2"
508,"1"
3293,"1"
4083,"2"
188,"1"
3719,"1"
1322,"2"
4772,"2"
2013,"1"
5576,"1"
2045,"1"
136,"2"
642,"1"
1553,"1"
4660,"1"
402,"3"
1295,"2"
4671,"1"
7600,"1"
2729,"3"
5286,"1"
9728,"2"
8462,"2"
5099,"1"
6296,"1"
4957,"1"
4272,"4"
2668,"7"
363,"2"
5880,"2"
3499,"2"
2582,"1"
1160,"2"
2447,"1"
7913,"2"
1989,"1"
1177,"1"
3843,"1"
8649,"2"
3493,"1"
1344,"2"
6013,"1"
3283,"1"
3915,"1"
5299,"1"
9119,"2"
8718,"2"
341,"1"
209,"1"
207,"2"
792,"1"
4230,"2"
2063,"1"
2534,"1"
10602,"2"
6365,"1"
7735,"1"
6954,"1"
3766,"2"
2152,"1"
4863,"1"
7477,"1"
4893,"1"
8031,"2"
6956,"4"
5155,"1"
4653,"1"
9840,"1"
2979,"2"
5329,"2"
6324,"3"
5395,"2"
4980,"1"
3892,"3"
4026,"2"
2872,"1"
6556,"3"
2879,"2"
5320,"4"
9055,"1"
9503,"1"
7334,"1"
7505,"1"
6320,"1"
4984,"4"
6643,"2"
3599,"1"
1528,"3"
753,"1"
10492,"2"
3451,"2"
2772,"1"
1833,"3"
6963,"1"
3676,"1"
6810,"4"
5894,"1"
3603,"1"
6418,"1"
6417,"3"
3040,"2"
9578,"1"
3729,"2"
10168,"1"
3960,"1"
3900,"1"
1409,"1"
2385,"1"
3608,"2"
6347,"2"
727,"2"
446,"1"
7078,"1"
2112,"2"
10499,"1"
4899,"2"
9454,"1"
96,"2"
459,"1"
5868,"1"
6921,"5"
605,"1"
8975,"1"
9388,"2"
5630,"1"
3069,"2"
5637,"3"
2161,"1"
3657,"2"
4836,"1"
5198,"1"
3689,"1"
10274,"3"
3071,"1"
1567,"1"
5321,"2"
1432,"1"
1838,"2"
744,"1"
775,"1"
7972,"1"
4413,"2"
4349,"1"
4757,"1"
337,"3"
3730,"2"
378,"2"
8760,"1"
653,"1"
6965,"1"
5290,"2"
1333,"1"
410,"3"
3958,"1"
4328,"1"
2319,"1"
10518,"1"
7689,"1"
2153,"1"
73,"4"
2935,"1"
1291,"2"
2489,"2"
8001,"2"
1298,"1"
368,"1"
1312,"2"
733,"2"
5899,"3"
6801,"1"
1892,"2"
3780,"1"
4036,"1"
4755,"5"
2765,"2"
5164,"1"
1319,"1"
6238,"1"
1076,"1"
9722,"2"
5267,"2"
1117,"1"
6642,"3"
2094,"3"
5478,"2"
2117,"2"
2584,"1"
6549,"2"
1558,"2"
6302,"1"
2173,"1"
4867,"1"
8014,"2"
252,"1"
1304,"1"
541,"1"
5485,"1"
10359,"1"
3992,"2"
6583,"1"
1229,"2"
9361,"1"
4505,"1"
1966,"2"
5650,"2"
2517,"2"
1077,"1"
2849,"1"
8498,"1"
4983,"1"
8368,"1"
4112,"1"
7344,"2"
3035,"2"
3782,"1"
2464,"4"
1200,"3"
7336,"1"
1922,"1"
1184,"1"
6096,"1"
5472,"1"
9464,"1"
3611,"3"
5080,"2"
1706,"1"
9640,"1"
280,"1"
3286,"2"
561,"1"
174,"1"
5428,"1"
473,"1"
571,"1"
6604,"1"
1783,"1"
5807,"2"
9504,"4"
1799,"3"
5122,"1"
3171,"3"
4510,"2"
5480,"1"
3149,"2"
6074,"4"
3553,"2"
2338,"2"
5416,"1"
6874,"1"
2490,"2"
9725,"1"
8174,"1"
6924,"1"
6287,"1"
1252,"4"
4827,"4"
1118,"3"
6150,"1"
6200,"1"
2660,"1"
1006,"1"
3875,"1"
6779,"1"
4921,"1"
1173,"1"
2208,"1"
3287,"2"
4845,"1"
1518,"2"
1578,"1"
16,"1"
6852,"1"
7595,"2"
2643,"1"
1026,"2"
9559,"1"
7421,"1"
2284,"4"
7884,"2"
9053,"1"
5333,"2"
10155,"1"
4308,"2"
6520,"1"
4297,"2"
1850,"2"
5731,"2"
2667,"1"
945,"1"
465,"1"
1898,"4"
3912,"4"
7692,"1"
2903,"1"
5192,"1"
6135,"1"
2397,"2"
3634,"1"
8917,"2"
790,"4"
919,"2"
938,"2"
5929,"1"
4677,"2"
2706,"1"
2977,"2"
455,"1"
7387,"1"
701,"1"
3986,"2"
2306,"1"
9938,"1"
818,"1"
3020,"2"
8555,"1"
269,"2"
3108,"1"
2130,"1"
4688,"2"
891,"2"
9304,"1"
5984,"4"
5846,"1"
392,"1"
843,"1"
10511,"2"
10302,"1"
8764,"1"
10279,"1"
5567,"1"
988,"1"
1829,"2"
9963,"1"
764,"1"
5818,"1"
3079,"3"
10737,"1"
290,"1"
10075,"1"
6399,"1"
5491,"1"
2043,"2"
5810,"1"
10790,"2"
4172,"3"
777,"1"
5311,"2"
2692,"2"
224,"2"
2465,"1"
9562,"1"
8966,"1"
1292,"2"
1566,"2"
10266,"1"
6308,"1"
9347,"1"
570,"1"
1715,"1"
6652,"1"
4940,"1"
8938,"1"
2202,"1"
14,"1"
5972,"1"
6618,"1"
2875,"2"
4988,"2"
2671,"1"
5688,"1"
6926,"2"
1203,"1"
7406,"1"
7530,"1"
2406,"1"
5817,"1"
3302,"1"
4322,"1"
9609,"1"
1531,"1"
5665,"5"
5317,"1"
99,"1"
6198,"2"
4058,"1"
5089,"1"
3673,"1"
6177,"3"
9402,"1"
2646,"1"
1190,"1"
10611,"1"
2859,"2"
7538,"2"
379,"2"
4703,"1"
3914,"1"
5369,"1"
2638,"1"
6485,"2"
148,"1"
7259,"1"
4913,"1"
6579,"1"
3500,"1"
3950,"1"
2282,"1"
1498,"2"
405,"1"
6071,"1"
6163,"4"
8605,"1"
8194,"1"
4424,"4"
6305,"1"
4101,"1"
1134,"2"
2506,"2"
4638,"2"
6008,"3"
1082,"2"
4787,"1"
5616,"2"
694,"1"
7519,"3"
10767,"1"
7877,"1"
6577,"1"
3948,"2"
176,"1"
2852,"1"
1202,"1"
2209,"1"
6825,"2"
801,"2"
5926,"3"
825,"1"
4191,"1"
4239,"1"
1570,"1"
10773,"1"
5188,"1"
6033,"2"
6545,"1"
6222,"1"
2197,"1"
1946,"2"
10371,"1"
5460,"1"
2612,"2"
6829,"1"
894,"1"
7469,"1"
1530,"1"
7609,"2"
1159,"1"
2204,"1"
9218,"1"
5542,"1"
8115,"3"
4169,"1"
1603,"1"
5161,"2"
1355,"2"
7442,"2"
6356,"2"
10265,"1"
2461,"1"
3091,"1"
1784,"1"
1211,"1"
6983,"1"
1871,"1"
2969,"2"
2519,"1"
5474,"2"
7532,"1"
4028,"3"
776,"2"
858,"2"
3601,"1"
2288,"1"
4277,"2"
6369,"4"
3879,"2"
1721,"1"
721,"2"
2388,"2"
6858,"2"
4074,"3"
4262,"1"
4860,"1"
8855,"1"
4200,"1"
2542,"2"
6208,"1"
347,"1"
407,"1"
10199,"1"
2073,"2"
6166,"3"
215,"1"
1391,"2"
2121,"3"
10588,"1"
8583,"2"
79,"3"
739,"2"
6590,"1"
4394,"2"
1069,"2"
4588,"3"
10292,"2"
7915,"2"
1725,"1"
273,"1"
5743,"2"
6753,"3"
2028,"1"
9008,"2"
10140,"1"
724,"1"
3527,"2"
1493,"1"
5293,"1"
8716,"1"
9478,"1"
8629,"1"
6078,"1"
51,"1"
6528,"1"
872,"3"
3172,"3"
2501,"2"
4327,"2"
6787,"3"
10263,"1"
2624,"3"
4934,"1"
6454,"1"
4153,"2"
535,"3"
8281,"2"
3800,"1"
2107,"2"
6976,"2"
9204,"2"
2456,"3"
2774,"1"
10559,"1"
2267,"1"
8077,"2"
2815,"1"
1595,"1"
8081,"1"
6551,"1"
4275,"3"
2162,"1"
3338,"1"
7622,"1"
6518,"2"
9710,"1"
2367,"2"
2598,"4"
4111,"1"
5580,"1"
5102,"1"
345,"1"
308,"2"
4877,"1"
9799,"1"
3859,"3"
1342,"1"
1811,"1"
5553,"1"
3317,"1"
9406,"1"
1310,"2"
1278,"1"
989,"1"
5690,"1"
1737,"1"
9078,"1"
1868,"1"
5741,"1"
5135,"2"
487,"1"
6745,"2"
5128,"2"
462,"1"
6352,"2"
4507,"2"
8508,"1"
5495,"1"
4533,"1"
8267,"1"
2742,"5"
1131,"1"
4383,"4"
5493,"1"
4621,"1"
8612,"3"
5803,"1"
1398,"2"
8510,"1"
1223,"1"
8939,"1"
4700,"1"
7435,"3"
4255,"2"
5447,"2"
6032,"1"
2951,"1"
6879,"1"
8777,"1"
3345,"2"
923,"2"
5373,"2"
7145,"1"
5685,"1"
6915,"2"
5962,"5"
9507,"1"
4973,"3"
1045,"1"
1879,"2"
7013,"1"
122,"2"
6294,"1"
7540,"1"
5217,"1"
493,"1"
3231,"3"
4470,"2"
4214,"2"
1632,"3"
4650,"1"
6991,"1"
8731,"2"
4406,"3"
1881,"3"
145,"3"
1757,"1"
2036,"1"
2890,"1"
6255,"1"
2767,"1"
1248,"1"
3750,"1"
2001,"2"
5996,"3"
6391,"1"
2375,"1"
697,"2"
3290,"1"
365,"1"
6578,"2"
6591,"1"
10463,"1"
9326,"1"
4084,"1"
3571,"4"
4911,"1"
6175,"3"
1749,"1"
5963,"4"
2286,"1"
6986,"2"
3085,"3"
4289,"1"
9421,"3"
10256,"1"
9327,"2"
2873,"1"
2677,"1"
5834,"1"
5550,"1"
334,"1"
809,"1"
3323,"1"
5203,"1"
7302,"1"
7566,"1"
4989,"1"
1141,"1"
3052,"1"
10285,"1"
1745,"2"
1608,"4"
5804,"1"
2160,"1"
757,"2"
6776,"3"
8346,"1"
5113,"2"
4793,"1"
2755,"1"
550,"1"
8694,"1"
3515,"1"
916,"1"
6047,"1"
1408,"1"
7021,"1"
4389,"2"
3211,"4"
3208,"2"
6894,"2"
10832,"1"
6172,"2"
6043,"1"
4209,"1"
2254,"5"
5781,"1"
3407,"1"
6756,"1"
3610,"1"
6457,"1"
741,"3"
10245,"1"
6010,"2"
3246,"1"
6723,"1"
1044,"1"
749,"1"
654,"1"
5573,"1"
852,"1"
5075,"2"
5275,"2"
6456,"3"
6024,"2"
1034,"2"
5591,"1"
854,"1"
8797,"2"
9099,"1"
10693,"1"
7031,"3"
758,"3"
8318,"1"
2697,"1"
2860,"5"
9484,"1"
5032,"1"
8266,"1"
2483,"1"
3324,"1"
5735,"3"
3866,"3"
9369,"1"
4174,"1"
1138,"2"
2093,"1"
6277,"2"
1003,"3"
9612,"1"
5453,"1"
5314,"1"
3066,"3"
9524,"1"
6265,"1"
3343,"2"
4119,"1"
6533,"3"
5152,"3"
2733,"1"
6021,"3"
3112,"1"
6855,"2"
1730,"2"
3853,"5"
1451,"1"
10462,"1"
1112,"2"
7661,"1"
5530,"1"
3256,"2"
2616,"1"
2472,"2"
3758,"1"
5272,"1"
4015,"2"
3179,"3"
6738,"3"
6248,"2"
4858,"1"
9651,"1"
5288,"2"
10695,"2"
9746,"1"
6521,"1"
6453,"5"
4271,"1"
449,"1"
5801,"3"
1923,"4"
5103,"3"
4768,"1"
10615,"2"
3568,"1"
1896,"1"
8160,"1"
10085,"2"
6270,"1"
1439,"1"
9544,"1"
4151,"1"
288,"3"
3292,"2"
1051,"2"
5068,"1"
1155,"2"
3072,"1"
606,"3"
1705,"3"
2474,"2"
1126,"1"
2670,"3"
592,"1"
6681,"4"
6748,"1"
4830,"2"
2521,"1"
10811,"1"
2477,"2"
3649,"1"
7450,"4"
5983,"1"
4823,"2"
1855,"3"
4176,"2"
20,"1"
5002,"1"
978,"4"
1590,"2"
2552,"1"
4762,"1"
5441,"1"
5890,"2"
1691,"1"
6038,"2"
9429,"1"
33,"3"
7804,"1"
4497,"1"
1537,"1"
3056,"1"
2151,"3"
10250,"1"
4659,"1"
7369,"2"
6355,"5"
2056,"2"
4143,"1"
1832,"3"
178,"2"
5947,"2"
2368,"1"
4402,"1"
7278,"2"
463,"2"
105,"1"
8857,"1"
1759,"1"
2820,"2"
1012,"2"
6658,"1"
1796,"1"
9671,"1"
212,"2"
10502,"1"
10249,"1"
3919,"2"
4933,"2"
5232,"1"
6585,"3"
9801,"4"
8985,"1"
8532,"5"
1497,"2"
6362,"1"
2218,"1"
4668,"1"
3979,"1"
6015,"1"
2546,"1"
8772,"1"
2700,"1"
1135,"1"
4217,"2"
6145,"2"
4184,"1"
382,"1"
9166,"2"
4046,"4"
4727,"1"
6129,"2"
3951,"2"
461,"2"
4339,"1"
1487,"2"
2679,"2"
4421,"2"
5518,"2"
1593,"1"
5797,"3"
4924,"2"
3189,"3"
121,"2"
4232,"1"
947,"1"
2806,"1"
10706,"2"
3111,"2"
2728,"1"
880,"1"
2928,"1"
5537,"1"
3394,"2"
4416,"3"
1410,"1"
9737,"1"
567,"1"
9820,"1"
596,"1"
8578,"1"
1396,"1"
2458,"3"
4236,"1"
3352,"1"
1418,"3"
2466,"1"
6861,"1"
2956,"1"
4447,"1"
2941,"2"
1539,"1"
5522,"2"
7263,"1"
1193,"1"
5278,"3"
1478,"1"
4840,"1"
6264,"1"
5328,"3"
2932,"1"
6755,"5"
693,"2"
3214,"1"
8761,"1"
2719,"3"
4051,"4"
2380,"2"
4443,"1"
9144,"1"
2978,"2"
5021,"2"
2200,"2"
6706,"1"
5974,"1"
2854,"1"
10185,"1"
1734,"1"
3952,"2"
3000,"1"
544,"1"
4574,"1"
4158,"3"
5136,"2"
4730,"2"
4794,"1"
615,"2"
5457,"1"
4367,"2"
1153,"1"
5358,"2"
7187,"2"
4205,"1"
299,"1"
4503,"1"
4521,"4"
660,"2"
895,"1"
1680,"2"
5336,"1"
4967,"2"
4068,"2"
4125,"2"
6,"3"
5738,"1"
3544,"1"
1719,"1"
3778,"1"
2360,"1"
5433,"1"
3711,"1"
6133,"3"
2634,"1"
2833,"1"
7825,"1"
1600,"1"
2026,"1"
1508,"3"
6476,"1"
5139,"3"
5683,"1"
5005,"1"
3820,"1"
1806,"1"
3647,"4"
313,"1"
5669,"2"
1486,"1"
5754,"1"
3383,"1"
9516,"2"
4560,"1"
8850,"1"
5393,"4"
2581,"2"
4742,"1"
9209,"1"
151,"1"
2134,"2"
6502,"1"
712,"1"
3908,"2"
2062,"2"
393,"1"
6027,"2"
3591,"1"
256,"1"
6144,"1"
1931,"2"
943,"2"
1317,"2"
3166,"2"
5121,"2"
8703,"1"
4894,"1"
2219,"2"
2411,"1"
1100,"2"
10270,"3"
2780,"2"
3560,"1"
5000,"2"
4044,"1"
3564,"3"
112,"1"
4778,"3"
6901,"4"
6389,"2"
957,"1"
7598,"1"
547,"1"
4485,"1"
3826,"2"
5241,"2"
5095,"1"
3444,"2"
4939,"1"
767,"1"
9989,"1"
4615,"1"
6687,"1"
4422,"1"
2277,"1"
10340,"1"
7886,"1"
4030,"1"
5597,"2"
9723,"1"
362,"1"
6864,"1"
5085,"3"
9597,"1"
9028,"1"
1504,"1"
6119,"1"
1985,"4"
5424,"2"
7863,"1"
7942,"1"
1196,"1"
132,"1"
6503,"3"
3438,"1"
7820,"1"
4347,"1"
9445,"1"
1255,"1"
1382,"5"
3994,"3"
806,"2"
6778,"2"
4134,"1"
5908,"2"
2752,"2"
751,"2"
342,"2"
1379,"2"
2678,"2"
1011,"4"
3183,"2"
6341,"2"
2514,"1"
4996,"1"
2916,"1"
6396,"1"
88,"1"
1476,"1"
6291,"3"
1430,"2"
2683,"2"
1513,"2"
9097,"1"
159,"2"
8859,"1"
608,"1"
3625,"1"
6732,"2"
6691,"1"
9708,"1"
2607,"2"
10351,"1"
1302,"2"
3176,"1"
6263,"2"
2442,"1"
4909,"1"
5987,"2"
1849,"1"
6519,"3"
4881,"1"
4468,"1"
2866,"3"
10121,"1"
2830,"2"
8734,"1"
2654,"1"
2256,"1"
78,"1"
205,"1"
485,"2"
5728,"1"
8989,"2"
8743,"1"
5932,"1"
5330,"1"
9678,"1"
2064,"1"
1479,"1"
796,"2"
1581,"2"
2481,"1"
3767,"1"
974,"3"
4265,"1"
4329,"2"
213,"1"
3126,"2"
251,"1"
302,"5"
204,"2"
1027,"1"
2135,"1"
3815,"2"
9798,"1"
1384,"1"
5903,"1"
1549,"1"
5387,"2"
5334,"1"
5714,"1"
1140,"1"
4602,"4"
2724,"1"
9469,"2"
9293,"1"
2247,"1"
5247,"1"
10181,"2"
3413,"2"
5346,"2"
7950,"1"
2981,"1"
3858,"1"
10255,"2"
5849,"1"
4287,"1"
6612,"2"
3803,"2"
9298,"2"
7927,"1"
7394,"1"
2907,"2"
331,"1"
10667,"1"
3303,"2"
10130,"1"
2915,"3"
7849,"3"
4359,"1"
10205,"1"
9164,"1"
2885,"1"
3563,"1"
1918,"3"
5705,"2"
719,"1"
2020,"2"
2336,"2"
6842,"1"
5736,"1"
6009,"1"
4237,"1"
5396,"1"
7840,"1"
4848,"1"
1579,"2"
5971,"2"
10193,"1"
7417,"3"
501,"1"
425,"1"
6537,"1"
456,"2"
3771,"3"
4929,"2"
4054,"1"
5945,"1"
8178,"1"
3203,"1"
4907,"1"
3455,"1"
10221,"1"
6635,"6"
1325,"1"
1817,"1"
8730,"3"
6007,"3"
3291,"2"
325,"1"
4360,"2"
1040,"1"
3837,"2"
4213,"2"
223,"1"
3123,"1"
1532,"2"
6281,"1"
6328,"1"
6375,"2"
10013,"2"
6845,"1"
10368,"1"
1097,"1"
1299,"2"
5792,"1"
6117,"1"
6040,"1"
1154,"2"
66,"1"
45,"1"
1389,"1"
6041,"1"
3755,"1"
2376,"2"
4303,"1"
7989,"1"
6683,"3"
468,"3"
10222,"2"
4124,"1"
2396,"1"
5463,"1"
2900,"1"
10595,"2"
3128,"1"
3096,"1"
6770,"1"
8992,"1"
6306,"2"
4337,"1"
6202,"6"
3660,"2"
6329,"1"
510,"2"
3942,"2"
8335,"2"
7090,"2"
661,"3"
4630,"1"
4312,"1"
687,"2"
9585,"1"
6640,"2"
3169,"3"
9453,"1"
5133,"1"
10431,"1"
4399,"2"
2430,"1"
4313,"2"
871,"1"
6180,"3"
1331,"1"
4951,"1"
2421,"1"
4223,"2"
6017,"3"
6382,"1"
3967,"2"
1605,"1"
3761,"1"
10672,"2"
9483,"1"
4705,"2"
9450,"1"
2287,"1"
1900,"2"
3732,"1"
3828,"2"
2226,"1"
9714,"1"
8449,"1"
5431,"1"
6561,"1"
6772,"2"
4072,"6"
4750,"1"
2243,"2"
1584,"2"
2695,"1"
6946,"2"
10212,"1"
1421,"3"
3230,"3"
7096,"1"
4593,"1"
1496,"1"
2574,"1"
10034,"1"
1835,"2"
698,"1"
1353,"3"
101,"5"
1000,"1"
10414,"1"
9856,"1"
2983,"1"
3360,"1"
645,"2"
4627,"1"
1448,"1"
4171,"1"
5169,"2"
5775,"2"
4361,"3"
1492,"2"
4014,"1"
4021,"3"
4643,"1"
5,"2"
797,"3"
3552,"2"
10373,"3"
5462,"2"
3602,"1"
6225,"3"
9321,"2"
8182,"2"
1494,"3"
3392,"1"
3739,"2"
9336,"1"
7492,"2"
8288,"1"
6052,"1"
4689,"1"
3756,"3"
530,"1"
1617,"3"
4820,"1"
1358,"1"
4377,"1"
3744,"1"
3700,"1"
5966,"1"
4935,"2"
4665,"1"
4126,"2"
5229,"1"
7744,"1"
7360,"1"
6283,"2"
7374,"2"
196,"1"
1633,"1"
113,"1"
7014,"1"
7860,"2"
3733,"1"
1610,"4"
1563,"1"
2348,"3"
3743,"1"
4009,"1"
5274,"2"
2726,"1"
5064,"1"
1164,"1"
2139,"2"
3584,"2"
6843,"2"
3628,"2"
1275,"1"
2792,"1"
2321,"1"
1444,"2"
6783,"2"
2044,"1"
1690,"2"
4400,"1"
1086,"2"
11,"2"
10427,"1"
7899,"1"
1251,"1"
6148,"1"
4095,"1"
6922,"1"
4769,"1"
3728,"2"
4410,"2"
4598,"4"
3991,"2"
5196,"3"
10330,"2"
3341,"2"
6301,"4"
1447,"3"
2600,"1"
2377,"1"
658,"1"
6353,"1"
4050,"1"
4496,"1"
1005,"1"
4693,"1"
7304,"2"
4227,"1"
349,"2"
10097,"1"
5875,"1"
5230,"3"
3993,"3"
3460,"3"
4181,"1"
7560,"2"
9057,"1"
364,"5"
7141,"2"
7470,"1"
4460,"1"
6897,"1"
572,"1"
583,"3"
2829,"2"
1526,"3"
5281,"1"
3319,"2"
6441,"2"
6480,"2"
4580,"1"
3296,"2"
8586,"2"
5882,"1"
954,"1"
10103,"2"
1495,"1"
876,"1"
4556,"1"
6663,"3"
4192,"2"
6084,"1"
10752,"1"
10172,"1"
5709,"3"
2066,"1"
1760,"2"
674,"1"
683,"1"
7060,"3"
1988,"1"
3134,"1"
3340,"1"
19,"3"
2920,"2"
5780,"1"
10210,"2"
7258,"4"
3252,"1"
4771,"1"
399,"1"
323,"2"
2412,"2"
7103,"1"
9359,"1"
4296,"1"
593,"2"
5487,"1"
6286,"1"
3934,"3"
5596,"1"
2784,"1"
6423,"1"
2631,"1"
2781,"3"
30,"2"
3703,"1"
914,"4"
883,"3"
3975,"2"
8755,"1"
8851,"1"
5037,"1"
8843,"1"
1577,"1"
6987,"3"
5443,"2"
5762,"1"
6046,"1"
667,"1"
4034,"1"
91,"1"
6271,"1"
9419,"1"
457,"2"
5864,"1"
1620,"1"
4607,"2"
1150,"1"
816,"1"
2914,"2"
3350,"3"
1,"1"
3387,"2"
2736,"1"
5221,"2"
3165,"1"
5316,"4"
9124,"1"
3641,"1"
5587,"3"
944,"2"
4310,"2"
6863,"1"
1995,"1"
3216,"4"
3288,"2"
711,"1"
10391,"1"
2292,"1"
3512,"2"
3430,"1"
6740,"2"
4925,"1"
2215,"1"
1944,"1"
5076,"2"
497,"3"
3054,"1"
2042,"1"
9884,"1"
5048,"2"
3813,"1"
1915,"2"
4425,"2"
2394,"1"
6947,"1"
6167,"1"
2129,"1"
3206,"3"
3335,"1"
6179,"1"
4130,"1"
5084,"1"
7665,"1"
2566,"1"
6412,"1"
7605,"1"
2457,"2"
7978,"2"
10552,"1"
4664,"1"
5180,"1"
6708,"2"
1064,"1"
1469,"2"
2221,"1"
4601,"2"
114,"3"
2484,"1"
10551,"2"
3325,"1"
54,"1"
3972,"1"
7236,"1"
2556,"1"
4378,"1"
10673,"1"
5896,"1"
2738,"1"
5827,"1"
878,"1"
10571,"2"
2599,"1"
1828,"1"
3298,"1"
8541,"1"
7003,"1"
9774,"3"
1658,"1"
811,"1"
4606,"2"
5160,"1"
1998,"1"
2644,"2"
2782,"1"
120,"1"
1926,"2"
3285,"2"
258,"1"
1329,"1"
5142,"1"
4763,"7"
8986,"3"
8326,"1"
557,"1"
3965,"1"
5072,"2"
3461,"3"
4597,"4"
7184,"1"
5257,"1"
5058,"1"
1457,"1"
2794,"1"
3536,"1"
197,"1"
3227,"1"
7362,"2"
6839,"3"
6258,"3"
5677,"2"
2535,"2"
10096,"1"
10184,"1"
2842,"1"
2009,"1"
6206,"1"
5488,"1"
934,"5"
2104,"1"
3497,"3"
3746,"1"
1698,"1"
4655,"2"
6083,"3"
3045,"1"
2698,"1"
175,"2"
10349,"1"
6448,"1"
6667,"1"
9775,"1"
9114,"1"
2378,"3"
5671,"3"
612,"2"
142,"1"
4238,"2"
795,"1"
788,"2"
1226,"1"
1800,"1"
7578,"2"
4998,"1"
4536,"3"
8722,"1"
568,"3"
3105,"1"
4534,"2"
9518,"1"
4846,"3"
1207,"1"
3494,"2"
10775,"1"
9377,"1"
2295,"1"
4581,"2"
8903,"2"
4453,"3"
2923,"1"
3237,"2"
3941,"1"
7028,"1"
5934,"1"
6757,"2"
6889,"3"
5877,"1"
3745,"3"
5119,"1"
10546,"1"
266,"1"
2748,"1"
4220,"1"
1636,"1"
5836,"1"
4712,"1"
3877,"2"
1072,"1"
3118,"1"
2527,"1"
875,"2"
3561,"2"
1289,"1"
4944,"2"
1907,"2"
261,"2"
6505,"2"
6925,"2"
10115,"2"
8525,"1"
201,"3"
4069,"1"
2178,"1"
2446,"2"
6999,"1"
4631,"2"
6478,"1"
8289,"1"
3010,"3"
5850,"1"
5361,"2"
10555,"1"
7444,"3"
1773,"1"
1393,"1"
4722,"2"
5248,"1"
154,"1"
3144,"2"
10430,"1"
2746,"1"
2185,"1"
1500,"2"
3684,"3"
5207,"2"
1568,"2"
1867,"1"
10689,"1"
4319,"1"
5614,"5"
587,"2"
5432,"2"
9272,"2"
296,"1"
372,"4"
2747,"3"
610,"1"
5758,"2"
5409,"3"
10614,"1"
2356,"1"
7617,"2"
6345,"2"
4577,"1"
84,"1"
6473,"3"
5417,"1"
3466,"1"
7408,"3"
6288,"1"
10065,"1"
208,"1"
4994,"1"
4148,"1"
2189,"1"
5951,"1"
5124,"1"
238,"2"
5656,"3"
3823,"1"
1897,"1"
971,"2"
100,"1"
6982,"1"
3842,"2"
3167,"2"
3917,"1"
9588,"1"
6994,"1"
2387,"1"
125,"2"
9301,"1"
9556,"2"
8062,"3"
2240,"2"
1984,"1"
5956,"3"
9414,"1"
2400,"2"
928,"3"
804,"1"
163,"1"
5968,"1"
3990,"1"
5419,"1"
1267,"4"
2992,"2"
283,"4"
47,"5"
5756,"1"
2488,"1"
6939,"2"
7865,"1"
9762,"2"
6031,"2"
2440,"4"
4552,"1"
9589,"2"
4147,"1"
3637,"2"
4657,"3"
6734,"2"
2327,"1"
216,"1"
5661,"1"
2711,"1"
3346,"2"
563,"3"
8180,"2"
5083,"1"
6429,"2"
5713,"4"
4187,"1"
2744,"2"
892,"2"
271,"1"
5446,"1"
2648,"1"
3016,"2"
2601,"1"
3014,"2"
6228,"1"
2518,"3"
5172,"1"
6376,"2"
2452,"2"
4648,"1"
6245,"2"
579,"2"
144,"1"
6055,"1"
5353,"1"
391,"2"
5911,"2"
6282,"3"
5475,"2"
10313,"1"
6594,"2"
3724,"3"
4936,"1"
2917,"1"
183,"1"
2548,"1"
9641,"1"
4889,"3"
3484,"3"
7833,"2"
6358,"1"
3181,"5"
2769,"3"
9098,"1"
3084,"1"
1201,"4"
180,"1"
2688,"1"
5340,"1"
574,"1"
1383,"2"
9172,"1"
3685,"1"
3624,"1"
172,"1"
4900,"3"
3432,"1"
2620,"1"
3522,"1"
2583,"1"
3957,"1"
7643,"2"
1503,"1"
8852,"2"
4434,"1"
8833,"1"
3913,"1"
3439,"2"
669,"2"
2836,"1"
8467,"1"
2180,"2"
2304,"1"
5603,"4"
1616,"1"
2590,"2"
5204,"3"
7410,"3"
507,"2"
3378,"2"
1343,"1"
6538,"2"
6220,"1"
2166,"1"
7822,"4"
3658,"1"
5343,"2"
787,"2"
1683,"1"
6627,"1"
8788,"2"
6053,"2"
2657,"1"
108,"1"
5189,"2"
10714,"1"
1205,"4"
850,"1"
10387,"2"
9267,"2"
3063,"2"
4086,"1"
8641,"2"
2770,"3"
2095,"1"
6103,"1"
3196,"1"
5842,"3"
714,"1"
9582,"2"
9117,"1"
5533,"2"
8931,"1"
1738,"2"
1179,"1"
5579,"1"
433,"2"
6170,"3"
2435,"3"
9273,"1"
6049,"1"
2448,"3"
3233,"2"
6076,"2"
2547,"2"
5825,"2"
9312,"1"
4775,"2"
2632,"2"
3200,"2"
4538,"1"
637,"4"
5033,"2"
2929,"2"
9520,"1"
5726,"1"
1429,"1"
3789,"1"
5557,"2"
5379,"1"
9270,"1"
2934,"2"
1837,"1"
10812,"1"
5494,"1"
5505,"2"
4397,"1"
1731,"3"
849,"3"
1242,"2"
4242,"1"
3595,"1"
2016,"2"
5219,"1"
6951,"1"
609,"1"
2455,"1"
584,"2"
2889,"1"
9869,"1"
6002,"1"
9933,"1"
3705,"2"
1024,"1"
6773,"2"
8858,"1"
3222,"1"
5292,"2"
4023,"3"
2994,"3"
4844,"3"
8806,"1"
6807,"1"
1770,"1"
622,"1"
4720,"1"
397,"2"
5773,"1"
657,"1"
4847,"1"
2749,"1"
5283,"1"
7232,"1"
5234,"2"
6118,"1"
2263,"1"
9314,"1"
2271,"1"
4144,"2"
3961,"2"
1007,"4"
5503,"5"
5465,"1"
6617,"3"
3636,"1"
3615,"2"
2030,"2"
1218,"1"
7474,"1"
10465,"2"
2365,"1"
6422,"2"
10543,"2"
6292,"2"
168,"1"
7294,"1"
4156,"1"
2976,"3"
3486,"3"
6543,"1"
6937,"2"
1703,"1"
9346,"1"
2722,"2"
3243,"1"
3580,"5"
6005,"4"
394,"1"
2004,"1"
452,"2"
799,"2"
4117,"2"
2326,"1"
2080,"2"
2413,"1"
5413,"1"
3326,"2"
8091,"2"
5912,"1"
4561,"1"
6203,"1"
1649,"3"
10144,"1"
17,"3"
1445,"1"
5821,"3"
396,"1"
2771,"1"
8063,"1"
4513,"2"
10072,"2"
4868,"2"
2944,"4"
6940,"1"
5706,"3"
3876,"1"
1905,"2"
6777,"1"
4585,"2"
7892,"1"
1978,"1"
1769,"3"
2701,"2"
515,"1"
4334,"1"
4491,"2"
3974,"3"
4716,"4"
2450,"2"
3621,"3"
5625,"1"
3613,"1"
4816,"2"
6293,"2"
4229,"2"
2405,"1"
1666,"1"
6989,"2"
1611,"3"
7783,"1"
1449,"1"
10076,"3"
3270,"3"
1406,"1"
2307,"1"
9074,"1"
3239,"2"
6637,"1"
6905,"4"
879,"1"
3385,"1"
6837,"2"
10388,"2"
670,"1"
4537,"1"
6614,"1"
955,"3"
4182,"2"
6759,"1"
10128,"1"
4573,"1"
434,"4"
2201,"1"
5718,"1"
2273,"3"
565,"3"
729,"1"
3748,"1"
7164,"2"
4908,"1"
1685,"2"
5774,"2"
3586,"1"
3428,"2"
6771,"1"
10354,"1"
1293,"3"
5466,"1"
904,"2"
543,"1"
3559,"2"
5722,"1"
1925,"1"
5638,"1"
3665,"1"
791,"1"
8360,"2"
10525,"3"
5269,"2"
7498,"1"
10712,"1"
979,"4"
6465,"1"
1337,"2"
537,"3"
4219,"1"
1318,"2"
5799,"1"
551,"3"
909,"1"
1968,"2"
1270,"2"
6169,"1"
604,"3"
94,"1"
5170,"1"
6244,"1"
7237,"1"
4065,"1"
5028,"2"
9149,"1"
5740,"1"
37,"1"
10406,"1"
6442,"1"
5604,"1"
3690,"1"
7653,"1"
3596,"1"
8687,"2"
623,"1"
4330,"3"
1716,"2"
3722,"1"
6154,"1"
4541,"1"
3031,"1"
3304,"2"
1407,"1"
491,"2"
4652,"1"
2891,"1"
1066,"1"
6785,"3"
2675,"2"
1165,"1"
1794,"2"
7996,"2"
722,"1"
10,"1"
2641,"3"
927,"2"
1065,"1"
6827,"3"
9848,"1"
1836,"1"
1033,"1"
1189,"2"
7493,"3"
5097,"1"
3011,"3"
3386,"1"
7323,"3"
3146,"1"
7100,"1"
4288,"1"
3988,"3"
6702,"2"
2040,"2"
2294,"3"
4970,"1"
2281,"2"
3927,"2"
5388,"1"
7537,"1"
6139,"1"
1997,"2"
7448,"1"
3405,"2"
7094,"2"
500,"1"
10329,"1"
1851,"1"
4388,"1"
10621,"2"
6486,"2"
6871,"2"
5589,"1"
2027,"2"
10146,"1"
3664,"1"
9441,"2"
6250,"3"
3517,"1"
4682,"1"
9433,"2"
6875,"1"
10506,"2"
4096,"2"
1108,"1"
7007,"2"
666,"2"
23,"2"
9066,"2"
64,"1"
4718,"1"
6370,"2"
2841,"3"
245,"1"
7069,"1"
742,"2"
5673,"3"
300,"1"
1133,"1"
10486,"2"
6030,"2"
5383,"1"
2844,"2"
2138,"1"
5213,"2"
2246,"1"
2993,"1"
8299,"1"
10277,"1"
5793,"1"
5057,"1"
3878,"1"
6626,"3"
6797,"2"
625,"1"
267,"1"
5660,"1"
3353,"1"
9751,"1"
5700,"1"
2069,"2"
6831,"1"
8032,"1"
4094,"1"
5571,"1"
1606,"1"
2031,"1"
4281,"1"
5539,"2"
8175,"2"
6067,"2"
137,"1"
1992,"1"
3101,"1"
9622,"2"
7554,"1"
438,"2"
2871,"3"
4278,"2"
7976,"2"
8539,"1"
773,"1"
4168,"1"
5845,"2"
4163,"1"
103,"1"
3030,"1"
7128,"1"
5562,"1"
8579,"1"
7582,"1"
3502,"1"
286,"1"
118,"1"
2906,"2"
10318,"1"
7585,"1"
2233,"2"
8631,"2"
3095,"1"
9169,"1"
1777,"1"
6553,"1"
1351,"1"
1385,"2"
7274,"1"
8056,"2"
2669,"2"
4386,"1"
6739,"1"
274,"1"
4197,"2"
4,"1"
1098,"1"
2029,"1"
6112,"2"
1365,"3"
3077,"2"
8928,"1"
545,"1"
1686,"1"
5624,"2"
1630,"2"
61,"1"
5415,"1"
2933,"1"
2351,"1"
4311,"2"
1728,"5"
43,"1"
357,"3"
6959,"1"
3619,"3"
3757,"2"
6016,"2"
3707,"1"
6461,"3"
7049,"1"
1339,"1"
5009,"1"
8720,"1"
8669,"3"
7395,"3"
5979,"2"
4286,"1"
3989,"1"
3970,"1"
6682,"1"
624,"1"
4609,"2"
1279,"1"
5017,"1"
2462,"1"
10510,"3"
6427,"3"
873,"1"
3547,"2"
2312,"3"
10239,"1"
128,"1"
2310,"2"
973,"2"
10613,"3"
10616,"3"
5407,"1"
4442,"2"
4268,"2"
5633,"1"
3801,"3"
2867,"4"
6737,"2"
2653,"2"
941,"1"
1139,"2"
3402,"1"
680,"2"
7784,"1"
6516,"2"
2468,"1"
5566,"1"
6221,"1"
10203,"2"
1755,"1"
1368,"2"
1417,"1"
1233,"1"
5468,"1"
6990,"3"
2991,"1"
6967,"2"
6350,"1"
7380,"1"
5933,"2"
678,"2"
5986,"2"
6566,"1"
5255,"1"
7272,"2"
7666,"2"
4952,"2"
601,"3"
5826,"4"
7763,"1"
10597,"2"
6696,"1"
4995,"2"
2227,"1"
965,"1"
3475,"4"
594,"1"
1416,"2"
5183,"2"
5502,"1"
1772,"2"
2908,"1"
1607,"2"
6726,"2"
4735,"1"
3264,"4"
10143,"1"
3528,"3"
2661,"2"
2207,"2"
6380,"3"
6613,"1"
2341,"1"
6539,"1"
5924,"4"
2071,"1"
4041,"2"
5914,"4"
2217,"1"
10781,"2"
150,"3"
7006,"1"
4121,"4"
6887,"4"
3880,"2"
3218,"1"
3013,"2"
3244,"3"
2485,"2"
3358,"1"
7181,"1"
9972,"1"
2857,"2"
3573,"3"
490,"2"
4617,"1"
3307,"2"
1377,"1"
1974,"2"
1774,"2"
3645,"1"
582,"1"
4403,"1"
3811,"2"
6944,"1"
3367,"3"
2184,"3"
3918,"1"
3519,"1"
4837,"3"
4415,"1"
1614,"1"
2760,"1"
4530,"1"
10408,"1"
5921,"1"
4635,"1"
4888,"1"
5195,"3"
6491,"1"
2586,"2"
2528,"1"
6833,"2"
4748,"1"
8196,"1"
1980,"1"
5772,"2"
1300,"3"
1424,"2"
6068,"1"
4228,"5"
6688,"3"
3483,"2"
1909,"1"
134,"2"
1262,"1"
1206,"3"
3362,"2"
4369,"2"
7503,"2"
1058,"1"
4224,"1"
5104,"2"
884,"1"
7612,"1"
922,"1"
706,"1"
5620,"1"
2427,"2"
3409,"1"
2965,"2"
5086,"4"
6455,"1"
4475,"1"
3831,"2"
4043,"1"
3191,"1"
8524,"1"
8188,"1"
3802,"1"
2216,"1"
7928,"1"
4140,"1"
6131,"1"
2428,"2"
1870,"1"
3890,"3"
3092,"2"
976,"2"
1609,"2"
4930,"1"
4292,"2"
1803,"1"
237,"1"
6792,"4"
3677,"2"
3115,"2"
9535,"1"
8943,"1"
2740,"3"
3570,"3"
9104,"2"
3808,"1"
5838,"1"
4198,"2"
1940,"2"
1372,"1"
5575,"1"
4035,"2"
2680,"2"
5526,"1"
5843,"1"
3806,"1"
9435,"1"
3467,"2"
1852,"2"
1361,"2"
6492,"1"
3376,"1"
7434,"4"
2108,"2"
4953,"2"
1519,"1"
10806,"1"
3355,"1"
10228,"1"
3138,"4"
3679,"1"
9207,"1"
7252,"1"
4559,"1"
1858,"1"
1951,"2"
9216,"1"
389,"2"
3556,"1"
6451,"1"
2720,"1"
1170,"1"
5794,"1"
6048,"3"
305,"2"
6866,"1"
3175,"1"
1461,"1"
983,"2"
312,"2"
5074,"2"
6081,"3"
7592,"1"
7366,"2"
1459,"1"
2735,"1"
5742,"2"
7979,"1"
5865,"1"
6767,"3"
7160,"2"
1557,"1"
1771,"1"
5212,"2"
527,"3"
10136,"1"
1103,"1"
3051,"2"
3147,"1"
517,"1"
3201,"2"
3696,"2"
6996,"1"
8242,"1"
6416,"2"
829,"1"
2316,"1"
1727,"1"
3347,"3"
3648,"1"
5368,"1"
7041,"1"
6552,"1"
10716,"1"
8595,"1"
994,"2"
6581,"1"
1569,"5"
9843,"1"
2382,"1"
6593,"1"
5176,"2"
6463,"1"
5626,"1"
1920,"1"
6814,"4"
2536,"1"
1764,"2"
2886,"2"
4398,"1"
2846,"1"
3299,"1"
6993,"2"
6234,"1"
3221,"1"
7357,"1"
3594,"1"
3671,"1"
2102,"5"
50,"2"
511,"2"
3933,"2"
3062,"1"
198,"1"
1458,"1"
4376,"3"
1677,"2"
1919,"1"
3117,"1"
2225,"4"
5561,"1"
5832,"2"
10360,"1"
9038,"1"
317,"1"
6600,"1"
10331,"2"
2953,"1"
4610,"1"
3726,"2"
5516,"1"
3204,"1"
3398,"1"
3557,"2"
3868,"2"
3818,"1"
2220,"1"
4003,"1"
2549,"1"
2361,"2"
60,"1"
110,"3"
7843,"1"
4614,"2"
156,"2"
6496,"2"
3651,"1"
8320,"1"
5897,"3"
5524,"3"
968,"4"
1178,"1"
1307,"1"
5442,"2"
848,"1"
4959,"2"
6541,"2"
9370,"2"
9064,"1"
4891,"1"
2699,"1"
3456,"2"
343,"1"
4372,"4"
5808,"1"
6660,"2"
2022,"1"
2580,"3"
6155,"3"
8146,"2"
8121,"2"
7690,"3"
10379,"3"
1993,"1"
3855,"2"
779,"1"
6420,"1"
1452,"2"
3274,"1"
6564,"1"
6788,"1"
577,"1"
10194,"1"
8410,"2"
284,"4"
7572,"2"
492,"2"
3505,"1"
6336,"1"
1075,"3"
2550,"1"
9724,"1"
911,"1"
1598,"1"
6253,"1"
4691,"1"
867,"2"
2182,"1"
8876,"1"
7855,"1"
8692,"2"
4882,"1"
4048,"1"
25,"5"
5209,"1"
2495,"1"
3617,"1"
1701,"3"
8211,"1"
1149,"2"
8998,"1"
2476,"3"
3220,"2"
3121,"1"
2902,"4"
10089,"1"
2131,"1"
5501,"2"
8224,"2"
3074,"2"
3125,"1"
4815,"3"
5609,"2"
3554,"1"
3898,"2"
907,"1"
6349,"2"
3262,"1"
1509,"1"
4582,"4"
1094,"3"
9956,"1"
5397,"2"
5697,"2"
1099,"1"
6862,"1"
4357,"1"
3529,"3"
2199,"2"
9561,"1"
3219,"1"
1188,"1"
4362,"1"
1670,"1"
3574,"1"
5211,"1"
7326,"1"
3057,"3"
3476,"2"
3086,"2"
6747,"3"
1678,"1"
7453,"1"
1412,"1"
8059,"1"
3487,"1"
6257,"1"
10151,"1"
5455,"1"
2807,"1"
3738,"1"
316,"1"
3587,"1"
2261,"1"
6584,"1"
6598,"1"
970,"1"
10109,"1"
5410,"2"
2390,"4"
90,"1"
8357,"2"
6325,"3"
2128,"2"
845,"2"
4886,"1"
6216,"1"
2349,"1"
9914,"1"
7924,"1"
383,"1"
4920,"2"
881,"1"
9205,"1"
5607,"2"
3646,"1"
5855,"2"
9991,"1"
115,"1"
18,"2"
9141,"2"
1687,"3"
3247,"2"
4254,"3"
3034,"1"
4553,"1"
3938,"2"
282,"1"
2498,"1"
6949,"2"
8645,"1"
5208,"1"
9817,"1"
5520,"2"
5701,"2"
8925,"4"
2317,"1"
31,"1"
6035,"4"
668,"1"
3810,"1"
935,"1"
7297,"2"
4114,"1"
4469,"2"
5582,"1"
7466,"1"
9288,"3"
4380,"2"
9575,"3"
9982,"1"
1644,"1"
4129,"2"
1053,"1"
3248,"3"
5013,"2"
374,"2"
1635,"3"
5093,"1"
10436,"1"
4150,"1"
2379,"3"
4234,"2"
152,"4"
4449,"3"
3308,"2"
5389,"1"
448,"2"
6194,"2"
185,"4"
4796,"1"
1356,"1"
1390,"4"
10036,"2"
522,"4"
1502,"1"
2082,"3"
8546,"1"
359,"2"
6979,"1"
1594,"1"
5309,"1"
4879,"3"
10769,"1"
5878,"2"
3697,"1"
828,"1"
1111,"1"
6407,"5"
6540,"4"
1194,"1"
4038,"4"
231,"1"
1321,"3"
2551,"2"
2140,"1"
5907,"3"
6435,"1"
3295,"2"
10756,"1"
10367,"1"
3251,"1"
6141,"1"
5725,"1"
131,"2"
6644,"4"
1415,"1"
4070,"3"
6903,"2"
6574,"1"
5824,"3"
9455,"1"
3397,"1"
6487,"3"
6815,"1"
3103,"1"
9316,"3"
7680,"2"
6397,"3"
9331,"1"
6715,"1"
984,"2"
5039,"1"
7944,"2"
9736,"1"
270,"2"
5141,"1"
6289,"1"
2259,"2"
3894,"2"
1240,"2"
3194,"1"
1328,"1"
9833,"1"
1750,"1"
8996,"1"
5771,"2"
5757,"1"
6165,"2"
6168,"1"
3225,"2"
10646,"2"
9557,"1"
8002,"1"
5872,"2"
2176,"1"
4492,"2"
1696,"3"
1512,"4"
2242,"3"
665,"1"
9079,"1"
2526,"3"
8710,"1"
4088,"1"
10791,"1"
4450,"1"
3614,"2"
5445,"1"
3273,"4"
5898,"1"
7119,"1"
6097,"2"
7515,"1"
6846,"2"
555,"1"
1048,"2"
3935,"2"
4368,"2"
5651,"2"
4235,"1"
588,"1"
5190,"2"
4620,"1"
2469,"1"
1619,"2"
5126,"2"
6575,"1"
784,"3"
2560,"1"
1413,"1"
2188,"1"
3720,"1"
523,"2"
2315,"1"
6062,"1"
3141,"1"
2851,"3"
5246,"1"
6259,"2"
8488,"1"
272,"1"
5976,"1"
3029,"1"
4864,"1"
4318,"1"
1950,"1"
9021,"1"
6285,"1"
49,"1"
6899,"2"
1664,"2"
4790,"2"
3774,"1"
3114,"3"
851,"1"
6522,"2"
6260,"1"
5514,"1"
4177,"2"
3712,"4"
1185,"1"
2878,"1"
7951,"1"
3783,"3"
1032,"1"
3276,"2"
6462,"1"
6152,"1"
707,"3"
6568,"1"
5715,"3"
2463,"3"
1209,"1"
635,"1"
5813,"1"
5459,"1"
2960,"1"
6611,"1"
5617,"1"
2568,"1"
5325,"3"
1555,"3"
2696,"2"
1827,"1"
2123,"1"
297,"1"
6714,"1"
6927,"4"
6500,"3"
1192,"1"
6992,"1"
70,"3"
10209,"1"
9735,"1"
728,"1"
1401,"2"
5867,"4"
4480,"4"
4641,"1"
9649,"3"
857,"3"
4600,"1"
1587,"1"
10725,"2"
3050,"1"
8030,"2"
6968,"6"
681,"2"
2322,"4"
2663,"1"
6246,"1"
5644,"3"
4493,"2"
326,"1"
6360,"1"
4562,"2"
1405,"1"
652,"2"
6498,"1"
10702,"1"
2545,"1"
1709,"2"
746,"1"
5766,"2"
3310,"2"
2523,"2"
2119,"2"
10201,"1"
5175,"2"
1839,"1"
2808,"1"
3224,"1"
3525,"2"
5565,"1"
2241,"2"
4061,"1"
3663,"1"
5071,"1"
5296,"2"
2759,"1"
2850,"1"
8695,"3"
6891,"3"
1548,"1"
6121,"1"
6955,"4"
1763,"1"
2409,"1"
10617,"1"
6712,"2"
7087,"2"
1265,"1"
6481,"3"
6719,"1"
995,"2"
414,"4"
5549,"3"
9845,"2"
2141,"1"
4075,"2"
4042,"1"
8085,"1"
6297,"1"
6190,"2"
4591,"3"
5994,"2"
5307,"3"
7836,"1"
3526,"1"
1168,"1"
98,"1"
3429,"2"
3329,"1"
4673,"1"
910,"2"
5990,"1"
1694,"3"
9654,"1"
2702,"4"
2187,"1"
533,"1"
1533,"1"
6532,"1"
5970,"5"
10016,"2"
9663,"2"
2813,"1"
9919,"1"
7901,"1"
3863,"2"
4064,"2"
5938,"2"
6045,"1"
5862,"1"
8544,"2"
5682,"1"
6458,"2"
6137,"1"
4878,"2"
6184,"1"
554,"2"
9401,"4"
9819,"1"
6795,"2"
388,"1"
5200,"1"
4032,"1"
2335,"1"
8068,"1"
908,"2"
1656,"1"
5848,"2"
6606,"1"
7531,"2"
7620,"2"
4605,"1"
10647,"1"
5384,"2"
6092,"1"
1684,"1"
3969,"3"
6896,"1"
4204,"1"
4335,"2"
6654,"1"
713,"3"
1294,"3"
2990,"1"
291,"1"
6215,"1"
6587,"2"
9442,"1"
4073,"1"
2084,"1"
1081,"1"
169,"2"
7591,"1"
2626,"1"
3109,"1"
8328,"2"
5109,"1"
3980,"5"
709,"1"
4572,"2"
6749,"2"
8386,"1"
6381,"2"
6100,"1"
4458,"2"
6321,"2"
10204,"1"
5840,"1"
3457,"1"
7214,"2"
4948,"2"
6059,"1"
2224,"1"
5710,"2"
5913,"1"
10747,"1"
4855,"2"
1114,"2"
730,"1"
1085,"1"
815,"1"
464,"1"
2008,"1"
1948,"1"
3607,"1"
3033,"1"
5853,"1"
6506,"1"
6073,"1"
6704,"1"
7757,"1"
2237,"1"
9247,"1"
3693,"2"
9337,"1"
3364,"1"
885,"2"
4248,"2"
2037,"1"
1435,"1"
1381,"1"
5335,"1"
3278,"2"
4356,"2"
235,"1"
117,"1"
9407,"1"
3099,"4"
6601,"1"
559,"1"
3042,"3"
1660,"1"
8134,"1"
2103,"2"
127,"1"
782,"1"
5747,"3"
566,"1"
1468,"1"
5699,"2"
4972,"3"
5227,"2"
3083,"2"
874,"2"
3768,"2"
476,"2"
5077,"3"
1364,"3"
2309,"1"
7908,"1"
4683,"1"
3770,"1"
2863,"1"
5302,"2"
24,"1"
5693,"1"
1934,"1"
191,"1"
960,"1"
6671,"1"
6272,"3"
4803,"3"
8284,"1"
2324,"1"
7446,"1"
4719,"1"
10119,"1"
5593,"2"
7229,"1"
8656,"1"
2524,"3"
479,"2"
6378,"2"
1941,"2"
6603,"1"
737,"3"
314,"1"
5206,"1"
939,"1"
3670,"2"
10828,"1"
3370,"2"
10441,"1"
4274,"2"
95,"1"
8436,"1"
1938,"1"
246,"2"
6550,"1"
4584,"1"
2713,"1"
439,"4"
5884,"1"
181,"4"
7027,"2"
1283,"4"
8891,"1"
4784,"1"
5454,"1"
3136,"1"
7443,"1"
4898,"3"
9222,"1"
7399,"1"
10206,"1"
4713,"3"
6447,"3"
9465,"3"
7158,"1"
2987,"1"
4024,"3"
5809,"3"
4645,"1"
6157,"2"
4155,"1"
1582,"1"
10587,"1"
4743,"1"
2244,"1"
5674,"5"
1030,"1"
8596,"2"
234,"1"
2018,"2"
2313,"1"
7118,"1"
1580,"1"
2559,"2"
2355,"1"
2301,"2"
5811,"1"
7167,"3"
3025,"1"
1438,"1"
4093,"1"
5158,"1"
8172,"1"
417,"2"
9362,"1"
4766,"2"
621,"2"
5156,"2"
7694,"2"
8589,"1"
5527,"1"
3294,"1"
6966,"2"
4595,"1"
8058,"2"
4942,"2"
3401,"1"
2817,"2"
745,"1"
7030,"1"
2021,"1"
5498,"1"
3180,"3"
1875,"2"
135,"1"
3567,"4"
6713,"1"
1529,"2"
39,"1"
3683,"1"
9420,"2"
4307,"1"
5805,"3"
3910,"1"
3805,"1"
2345,"2"
6241,"1"
4811,"3"
474,"2"
3297,"3"
10509,"3"
3268,"1"
5891,"1"
7697,"1"
2704,"1"
2868,"1"
4298,"1"
4179,"2"
6664,"2"
3129,"1"
3793,"1"
6205,"2"
263,"1"
8713,"2"
6832,"1"
5179,"1"
7764,"1"
7964,"2"
4025,"1"
9565,"1"
1761,"1"
6651,"1"
599,"3"
6385,"2"
2876,"1"
179,"2"
1848,"1"
2793,"2"
2888,"2"
3656,"2"
2482,"1"
77,"2"
3723,"2"
4243,"3"
6634,"4"
6857,"3"
4089,"3"
2565,"1"
48,"1"
3321,"1"
905,"1"
5964,"1"
2432,"1"
4895,"1"
8365,"1"
3956,"2"
5116,"1"
4194,"1"
4738,"1"
1597,"1"
5510,"1"
1740,"3"
6304,"4"
3119,"1"
6920,"3"
